﻿<?xml version="1.0"?>
<device image="Adj_jellydome.gif">
	<information>
		<name>Nano Spare Six</name>
		<author>NM Light</author>
		<vendor>Lightmaxx</vendor>
		<comment>7ch Modus</comment>
		<version>1</version>
	</information>
	<channels>
		<function channel="0" minvalue="0" maxvalue="255" name="Strob Programme" fade="yes" />
		<function channel="1" minvalue="0" maxvalue="255" name="Rot" fade="yes" type="r" action="r" />
		<function channel="2" minvalue="0" maxvalue="255" name="Grün" fade="yes" type="g" action="g" />
		<function channel="3" minvalue="0" maxvalue="255" name="Blau" fade="yes" type="b" action="b" />
		<function channel="4" minvalue="0" maxvalue="255" name="Strobo" fade="yes" />
		<function channel="5" minvalue="0" maxvalue="255" name="Motor " fade="yes" />
		<function channel="6" minvalue="0" maxvalue="255" name="Programme" fade="yes" />
	</channels>
	<form width="399" height="269">
		<deviceimage top="0" left="0" />
		<devicename top="0" left="40" />
		<deviceadress top="16" left="40" />
		<slider top="56" left="8" height="41" width="177" startvalue="0" endvalue="255" channel="4" />
		<slider top="112" left="8" height="41" width="177" startvalue="0" endvalue="255" channel="0" />
		<slider top="168" left="8" height="41" width="177" startvalue="0" endvalue="255" channel="5" />
		<slider top="223" left="8" height="41" width="177" startvalue="0" endvalue="255" channel="6" />
		<colorpicker top="72" left="192" height="140" width="166" mode="rgb" layout="1" channel1="1" channel2="2" channel3="3" />
		<label top="40" left="72" caption="Strobo" />
		<label top="88" left="40" caption="Strobo Programme" />
		<label top="144" left="56" caption="Move Speed" />
		<label top="200" left="48" caption="Auto Programme" />
	</form>
</device>