<?xml version="1.0"?>
<device image="Light.gif">
	<information>
		<name>LED NANO PAR (lightmaXX)</name>
		<author>N.M</author>
		<vendor>LightmaXX</vendor>
		<version>1</version>
	</information>
	<channels>
		<function channel="0" minvalue="0" maxvalue="255" name="Coler Programme" fade="yes" />
		<function channel="1" minvalue="0" maxvalue="255" name="Coler Presets" fade="yes" />
		<function channel="2" minvalue="0" maxvalue="255" name="Speed" fade="yes" />
		<function channel="3" minvalue="0" maxvalue="255" name="Dimmer" fade="yes" type="dimmer" />
		<function channel="4" minvalue="0" maxvalue="255" name="Rot" fade="yes" type="r" />
		<function channel="5" minvalue="0" maxvalue="255" name="Grün" fade="yes" type="g" />
		<function channel="6" minvalue="0" maxvalue="255" name="Blau " fade="yes" type="b" />
		<function channel="7" minvalue="0" maxvalue="255" name="White" fade="yes" />
	</channels>
	<form width="250" height="300">
		<deviceimage top="0" left="0" />
		<devicename top="0" left="40" />
		<deviceadress top="16" left="40" />
		<slider top="56" left="16" height="41" width="177" startvalue="0" endvalue="255" channel="3" />
		<colorpicker top="112" left="24" height="100" width="150" mode="rgb" layout="1" channel1="4" channel2="5" channel3="6" />
		<slider top="248" left="16" height="41" width="177" startvalue="0" endvalue="255" channel="7" />
		<label top="224" left="72" caption="White" />
		<label top="40" left="64" caption="Dimmer" />
	</form>
</device>