<?xml version="1.0"?>
<device image="Light.gif">
	<information>
		<name>Led Mini Movinghead Light</name>
		<author>NM-Light</author>
		<comment>9ch Mode</comment>
		<version>1</version>
	</information>
	<channels>
		<function channel="0" minvalue="0" maxvalue="255" name="Pan " fade="yes" type="pan" />
		<function channel="1" minvalue="0" maxvalue="255" name="Tilt" fade="yes" type="tilt" />
		<function channel="2" minvalue="0" maxvalue="255" name="Dimmer" fade="yes" type="dimmer" />
		<function channel="3" minvalue="0" maxvalue="255" name="Red" fade="yes" type="r" action="r" />
		<function channel="4" minvalue="0" maxvalue="255" name="Green " fade="yes" type="g" action="g" />
		<function channel="5" minvalue="0" maxvalue="255" name="Blue" fade="yes" type="b" action="b" />
		<function channel="6" minvalue="0" maxvalue="255" name="White" fade="yes" />
		<function channel="7" minvalue="0" maxvalue="255" name="P/T Speed" fade="yes" />
		<function channel="8" minvalue="0" maxvalue="255" name="Reset" fade="yes" />
	</channels>
	<form width="504" height="280">
		<deviceimage top="0" left="0" />
		<devicename top="0" left="40" />
		<deviceadress top="16" left="40" />
		<position top="64" left="4" height="180" width="180" />
		<slider top="61" left="208" height="41" width="177" startvalue="0" endvalue="255" channel="2" />
		<label top="32" left="264" caption="Dimmer/Strobo" />
		<colorpicker top="104" left="224" height="100" width="150" mode="rgb" layout="1" channel1="3" channel2="4" channel3="5" />
		<slider top="236" left="216" height="41" width="177" startvalue="0" endvalue="255" channel="6" />
		<label top="216" left="288" caption="White" />
		<onoff top="32" left="400" width="80" height="30" onvalue="255" offvalue="0" caption="Reset" color="#ff0000" channel="8" />
	</form>
</device>